[
  {
    "id": "page-metadata",
    "fields": [
      {
        "component": "text",
        "name": "title",
        "label": "Title"
      },
      {
        "component": "text",
        "name": "description",
        "label": "Description"
      },
      {
        "component": "text",
        "name": "robots",
        "label": "Robots"
      },
      {
        "component": "text",
        "name": "enrichment-categories",
        "label": "Enrichment Categories"
      },
      {
        "component": "text",
        "name": "enrichment-positions",
        "label": "Enrichment Positions"
      }
    ]
  },
  {
    "id": "marketing-metadata",
    "fields": [
      {
        "component": "text",
        "name": "title",
        "label": "Title"
      },
      {
        "component": "text",
        "name": "description",
        "label": "Description"
      },
      {
        "component": "select",
        "name": "design",
        "value": "",
        "label": "Design",
        "valueType": "string",
        "options": [
          {
            "name": "Design 1",
            "value": "design1"
          },
          {
            "name": "Design 2",
            "value": "design2"
          },
          {
            "name": "Design 3",
            "value": "design3"
          }
        ]
      }
    ]
  },
  {
    "id": "title",
    "fields": [
      {
        "component": "text",
        "valueType": "string",
        "name": "jcr:title",
        "value": "",
        "label": "Text"
      },
      {
        "component": "select",
        "name": "type",
        "value": "h1",
        "label": "Type",
        "valueType": "string",
        "options": [
          {
            "name": "h1",
            "value": "h1"
          },
          {
            "name": "h2",
            "value": "h2"
          },
          {
            "name": "h3",
            "value": "h3"
          },
          {
            "name": "h4",
            "value": "h4"
          },
          {
            "name": "h5",
            "value": "h5"
          },
          {
            "name": "h6",
            "value": "h6"
          }
        ]
      }
    ]
  },
  {
    "id": "image",
    "fields": [
      {
        "component": "reference",
        "valueType": "string",
        "name": "fileReference",
        "label": "Image",
        "multi": false
      },
      {
        "component": "text",
        "valueType": "string",
        "name": "alt",
        "value": "Default alt",
        "label": "Alt Text"
      }
    ]
  },
  {
    "id": "button",
    "fields": [
      {
        "component": "text",
        "valueType": "string",
        "name": "href",
        "value": "",
        "label": "Link"
      },
      {
        "component": "text",
        "valueType": "string",
        "name": "text",
        "value": "",
        "label": "Text"
      },
      {
        "component": "text",
        "valueType": "string",
        "name": "title",
        "value": "",
        "label": "Title"
      },
      {
        "component": "select",
        "name": "type",
        "value": "",
        "label": "Type",
        "valueType": "string",
        "options": [
          {
            "name": "default",
            "value": ""
          },
          {
            "name": "primary",
            "value": "primary"
          },
          {
            "name": "secondary",
            "value": "secondary"
          }
        ]
      }
    ]
  },
  {
    "id": "section",
    "fields": [
      {
        "component": "multiselect",
        "name": "style",
        "value": "",
        "label": "Style",
        "valueType": "string",
        "options": [
          {
            "name": "Nav",
            "children": [
              {
                "name": "Brand Logo",
                "value": "brand-logo"
              },
              {
                "name": "Site Links",
                "value": "site-links"
              },
              {
                "name": "Social Media",
                "value": "social-media"
              },
              {
                "name": "PDP Enrichment",
                "value": "pdp-enrichment"
              }
            ]
          },
          {
            "name": "Alignment",
            "children": [
              {
                "name": "Center",
                "value": "align-center"
              },
              {
                "name": "Right",
                "value": "align-right"
              }
            ]
          },
          {
            "name": "Background",
            "children": [
              {
                "name": "Primary",
                "value": "bg-primary"
              },
              {
                "name": "Secondary",
                "value": "bg-secondary"
              }
            ]
          },
          {
            "name": "Width",
            "children": [
              {
                "name": "Full",
                "value": "full-width"
              }
            ]
          }
        ]
      }
    ]
  },
  {
    "id": "section-marketing",
    "fields": [
      {
        "component": "text",
        "name": "style",
        "label": "Style",
        "valueType": "string",
        "multi": true
      }
    ]
  },
  {
    "id": "hero",
    "fields": [
      {
        "component": "reference",
        "valueType": "string",
        "name": "image",
        "label": "Image",
        "multi": false
      },
      {
        "component": "multiselect",
        "valueType": "string",
        "name": "classes",
        "label": "Style",
        "options": [
          {
            "name": "Size",
            "children": [
              {
                "name": "Small",
                "value": "small"
              },
              {
                "name": "Medium",
                "value": "medium"
              },
              {
                "name": "Large",
                "value": "large"
              }
            ]
          }
        ]
      },
      {
        "component": "text",
        "valueType": "string",
        "name": "imageAlt",
        "label": "Alt",
        "value": ""
      },
      {
        "component": "text",
        "valueType": "string",
        "name": "heading",
        "label": "Heading",
        "value": ""
      },
      {
        "component": "select",
        "name": "headingType",
        "value": "",
        "label": "Heading Type",
        "valueType": "string",
        "options": [
          {
            "name": "h1",
            "value": "h1"
          }
        ]
      },
      {
        "component": "richtext",
        "name": "hero_text",
        "value": "",
        "label": "Description",
        "valueType": "string"
      },
      {
        "component": "text",
        "valueType": "string",
        "name": "hero_linkTitle",
        "label": "Button Title Attribute",
        "value": ""
      },
      {
        "component": "text",
        "valueType": "string",
        "name": "hero_linkText",
        "label": "Button Text",
        "value": ""
      },
      {
        "component": "aem-content",
        "name": "hero_link",
        "value": "",
        "label": "Button Link",
        "valueType": "string"
      }
    ]
  },
  {
    "id": "teaser",
    "fields": [
      {
        "component": "multiselect",
        "name": "classes",
        "value": "align-right",
        "label": "Style",
        "valueType": "string",
        "options": [
          {
            "name": "Alignment",
            "children": [
              {
                "name": "Left",
                "value": "align-left"
              },
              {
                "name": "Right",
                "value": "align-right"
              }
            ]
          },
          {
            "name": "Background",
            "children": [
              {
                "name": "Primary",
                "value": "bg-primary"
              },
              {
                "name": "Secondary",
                "value": "bg-secondary"
              }
            ]
          }
        ]
      },
      {
        "component": "reference",
        "valueType": "string",
        "name": "image",
        "label": "Image",
        "multi": false
      },
      {
        "component": "text",
        "valueType": "string",
        "name": "imageAlt",
        "label": "Alt",
        "value": ""
      },
      {
        "component": "richtext",
        "name": "content_text",
        "value": "",
        "label": "Text",
        "valueType": "string"
      },

      {
        "component": "text",
        "valueType": "string",
        "name": "content_linkText",
        "label": "Button Text",
        "value": ""
      },
      {
        "component": "aem-content",
        "name": "content_link",
        "value": "",
        "label": "Button Link",
        "valueType": "string"
      }
    ]
  },
  {
    "id": "social-media",
    "fields": [
      {
        "component": "select",
        "name": "instagram_icon",
        "value": "",
        "label": "Instagram Icon",
        "valueType": "string",
        "options": [
          {
            "name": "Facebook",
            "value": ":facebook:"
          },
          {
            "name": "Instagram",
            "value": ":instagram:"
          },
          {
            "name": "Twitter/X",
            "value": ":twitter:"
          }
        ]
      },
      {
        "component": "aem-content",
        "name": "instagram_iconLink",
        "value": "",
        "label": "Instagram Link",
        "valueType": "string"
      },
      {
        "component": "select",
        "name": "facebook_icon",
        "value": "",
        "label": "Facebook Icon",
        "valueType": "string",
        "options": [
          {
            "name": "Facebook",
            "value": ":facebook:"
          },
          {
            "name": "Instagram",
            "value": ":instagram:"
          },
          {
            "name": "Twitter/X",
            "value": ":twitter:"
          }
        ]
      },
      {
        "component": "aem-content",
        "name": "facebook_iconLink",
        "value": "",
        "label": "Facebook Link",
        "valueType": "string"
      },
      {
        "component": "select",
        "name": "twitter_icon",
        "value": "",
        "label": "Twitter Icon",
        "valueType": "string",
        "options": [
          {
            "name": "Facebook",
            "value": ":facebook:"
          },
          {
            "name": "Instagram",
            "value": ":instagram:"
          },
          {
            "name": "Twitter/X",
            "value": ":twitter:"
          }
        ]
      },
      {
        "component": "aem-content",
        "name": "twitter_iconLink",
        "value": "",
        "label": "Twitter Link",
        "valueType": "string"
      }
    ]
  },
  {
    "id": "product-list-page",
    "fields": [
      {
        "component": "text",
        "valueType": "string",
        "name": "category",
        "label": "Category",
        "value": ""
      },
      {
        "component": "select",
        "valueType": "string",
        "name": "urlPath",
        "label": "URL Path",
        "value": "",
        "options": [
          {
            "name": "Phones",
            "value": "phones"
          },
          {
            "name": "Watches",
            "value": "watches"
          },
          {
            "name": "Accessories",
            "value": "accessories"
          },
          {
            "name": "Gift Cards",
            "value": "gift-cards"
          },
          {
            "name": "Plans",
            "value": "plans"
          },
          {
            "name": "Streaming",
            "value": "streaming"
          }
        ]
      }
    ]
  },
  {
    "id": "enrichment",
    "fields": [
      {
        "component": "text",
        "valueType": "string",
        "name": "type",
        "label": "Type",
        "value": ""
      },
      {
        "component": "select",
        "valueType": "string",
        "name": "position",
        "label": "Position",
        "value": "",
        "options": [
          {
            "name": "Below Category (Category Page)",
            "value": "below-category"
          },
          {
            "name": "Below Product (Product Page)",
            "value": "below-product"
          }
        ]
      }
    ]
  },
  {
    "id": "product-details",
    "fields": [
      {
        "component": "text",
        "valueType": "string",
        "name": "date",
        "label": "Date",
        "description": "Enter a valid date in the format MM/DD/YYYY",
        "required": true,
        "validation": {
          "minLength": 8,
          "regExp": "^(0[1-9]|1[0-2])/(0[1-9]|[12][0-9]|3[01])/\\d{4}$",
          "customErrorMsg": "Enter a valid date in the format MM/DD/YYYY"
        },
        "value": ""
      },
      {
        "component": "text",
        "valueType": "string",
        "name": "add-to-cart-btn-text",
        "label": "Add To Cart Button Text",
        "value": ""
      },
      {
        "component": "text",
        "valueType": "string",
        "name": "add-to-wishlist-btn-text",
        "label": "Add To Wishlist Button Text",
        "value": ""
      },
      {
        "component": "text",
        "valueType": "string",
        "name": "share-btn-text",
        "label": "Share Button Text",
        "value": ""
      },
      {
        "component": "select",
        "valueType": "string",
        "name": "carousel-layout",
        "label": "Carousel Layout",
        "value": "",
        "options": [
          {
            "name": "Column",
            "value": "column"
          },
          {
            "name": "Row",
            "value": "row"
          }
        ]
      },
      {
        "component": "text",
        "valueType": "string",
        "name": "default-product",
        "label": "Default Product",
        "value": ""
      }
    ]
  },
  {
    "id": "recommended-products",
    "fields": [
      {
        "component": "select",
        "valueType": "string",
        "name": "link",
        "label": "Service",
        "value": "",
        "options": [
          {
            "name": "Default",
            "value": "/products/recommended-products.json"
          }
        ]
      }
    ]
  },
  {
    "id": "commerce-cart",
    "fields": [
      {
        "component": "text",
        "valueType": "string",
        "name": "placeholder",
        "label": "Placeholder",
        "value": "No configs for Commerce Cart",
        "readOnly": true
      }
    ]
  },
  {
    "id": "commerce-checkout",
    "fields": [
      {
        "component": "text",
        "valueType": "string",
        "name": "placeholder",
        "label": "Placeholder",
        "value": "No configs for Commerce Checkout",
        "readOnly": true
      }
    ]
  },
  {
    "id": "commerce-order-confirmation",
    "fields": [
      {
        "component": "text",
        "valueType": "string",
        "name": "placeholder",
        "label": "Placeholder",
        "value": "No configs for Commerce Order Confirmation",
        "readOnly": true
      }
    ]
  },
  {
    "id": "columns-text",
    "fields": [
      {
        "component": "text",
        "name": "classes",
        "valueType": "string",
        "hidden": true
      },
      {
        "component": "text",
        "name": "grid_title",
        "label": "Title",
        "valueType": "string",
        "multi": false
      },
      {
        "component": "text",
        "name": "grid_description",
        "label": "Description",
        "valueType": "string",
        "multi": false
      }
    ]
  },
  {
    "id": "accordion-item",
    "fields": [
      {
        "component": "richtext",
        "name": "accordianLabel",
        "value": "",
        "label": "Item Label",
        "valueType": "string"
      },
      {
        "component": "richtext",
        "name": "accordianBody",
        "value": "",
        "label": "Item Body",
        "valueType": "string"
      }
    ]
  },
  {
    "id": "card",
    "fields": [
      {
        "component": "reference",
        "valueType": "string",
        "name": "image",
        "label": "Image",
        "multi": false
      },
      {
        "component": "richtext",
        "name": "text",
        "value": "",
        "label": "Text",
        "valueType": "string"
      }
    ]
  },
  {
    "id": "carousel-item",
    "fields": [
      {
        "component": "multiselect",
        "name": "classes",
        "value": "align-right",
        "label": "Style",
        "valueType": "string",
        "options": [
          {
            "name": "Alignment",
            "children": [
              {
                "name": "Left",
                "value": ""
              },
              {
                "name": "Right",
                "value": "align-right"
              },
              {
                "name": "Center",
                "value": "align-center"
              }
            ]
          },
          {
            "name": "Type",
            "children": [
              {
                "name": "Dark",
                "value": "bg-light"
              },
              {
                "name": "Light",
                "value": "bg-dark"
              }
            ]
          }
        ]
      },
      {
        "component": "reference",
        "valueType": "string",
        "name": "media_cont",
        "label": "Background Image Or Video",
        "multi": false
      },
      {
        "component": "text",
        "valueType": "string",
        "name": "media_contAlt",
        "value": "",
        "label": "Bacgkround Alt"
      },
      {
        "component": "richtext",
        "name": "content_text",
        "value": "",
        "label": "Text",
        "valueType": "string"
      },
      {
        "component": "text",
        "valueType": "string",
        "name": "content_linkText",
        "label": "Button Text",
        "value": ""
      },
      {
        "component": "aem-content",
        "name": "content_link",
        "value": "",
        "label": "Button Link",
        "valueType": "string"
      }
    ]
  },
  {
    "id": "embed",
    "fields": [
      {
        "component": "reference",
        "valueType": "string",
        "name": "embed_placeholder",
        "label": "Placeholder Image",
        "multi": false
      },
      {
        "component": "text",
        "valueType": "string",
        "name": "embed_placeholderAlt",
        "value": "",
        "label": "Placeholder Image Alt Text"
      },
      {
        "component": "text",
        "valueType": "string",
        "name": "embed_uri",
        "label": "URI"
      }
    ]
  },
  {
    "id": "fragment",
    "fields": [
      {
        "component": "aem-content",
        "valueType": "string",
        "name": "link",
        "value": "",
        "label": "Fragment Link"
      }
    ]
  },
  {
    "id": "quote",
    "fields": [
      {
        "component": "richtext",
        "valueType": "string",
        "name": "quotation",
        "value": "",
        "label": "Quotation"
      },
      {
        "component": "richtext",
        "name": "attribution",
        "value": "",
        "label": "Author",
        "valueType": "string"
      }
    ]
  },
  {
    "id": "table",
    "fields": [
      {
        "component": "multiselect",
        "name": "classes",
        "value": "",
        "label": "Options",
        "valueType": "string",
        "options": [
          {
            "name": "Border",
            "children": [
              {
                "name": "Striped",
                "value": "striped"
              },
              {
                "name": "Bordered",
                "value": "bordered"
              }
            ]
          },
          {
            "name": "Header",
            "children": [
              {
                "name": "No Header",
                "value": "no-header"
              }
            ]
          }
        ]
      },
      {
        "component": "select",
        "name": "filter",
        "label": "Columns",
        "valueType": "string",
        "value": "table",
        "options": [
          {
            "name": "1 Column",
            "value": "table-1-columns"
          },
          {
            "name": "2 Columns",
            "value": "table-2-columns"
          },
          {
            "name": "3 Columns",
            "value": "table-3-columns"
          },
          {
            "name": "4 Columns",
            "value": "table-4-columns"
          },
          {
            "name": "5 Columns",
            "value": "table-5-columns"
          }
        ]
      }
    ]
  },
  {
    "id": "table-col-1",
    "fields": [
      {
        "component": "richtext",
        "valueType": "string",
        "name": "column1text",
        "label": "Column1"
      }
    ]
  },
  {
    "id": "table-col-2",
    "fields": [
      {
        "component": "richtext",
        "valueType": "string",
        "name": "column1text",
        "label": "Column1"
      },
      {
        "component": "richtext",
        "valueType": "string",
        "name": "column2text",
        "label": "Column2"
      }
    ]
  },
  {
    "id": "table-col-3",
    "fields": [
      {
        "component": "richtext",
        "valueType": "string",
        "name": "column1text",
        "label": "Column1"
      },
      {
        "component": "richtext",
        "valueType": "string",
        "name": "column2text",
        "label": "Column2"
      },
      {
        "component": "richtext",
        "valueType": "string",
        "name": "column3text",
        "label": "Column3"
      }
    ]
  },
  {
    "id": "table-col-4",
    "fields": [
      {
        "component": "richtext",
        "valueType": "string",
        "name": "column1text",
        "label": "Column1"
      },
      {
        "component": "richtext",
        "valueType": "string",
        "name": "column2text",
        "label": "Column2"
      },
      {
        "component": "richtext",
        "valueType": "string",
        "name": "column3text",
        "label": "Column3"
      },
      {
        "component": "richtext",
        "valueType": "string",
        "name": "column4text",
        "label": "Column4"
      }
    ]
  },
  {
    "id": "table-col-5",
    "fields": [
      {
        "component": "richtext",
        "valueType": "string",
        "name": "column1text",
        "label": "Column1"
      },
      {
        "component": "richtext",
        "valueType": "string",
        "name": "column2text",
        "label": "Column2"
      },
      {
        "component": "richtext",
        "valueType": "string",
        "name": "column3text",
        "label": "Column3"
      },
      {
        "component": "richtext",
        "valueType": "string",
        "name": "column4text",
        "label": "Column4"
      },
      {
        "component": "richtext",
        "valueType": "string",
        "name": "column5text",
        "label": "Column5"
      }
    ]
  },
  {
    "id": "tabs-item",
    "fields": [
      {
        "component": "text",
        "valueType": "string",
        "name": "tabName",
        "value": "",
        "label": "Tab Name"
      },
      {
        "component": "richtext",
        "name": "content",
        "value": "",
        "label": "Content",
        "valueType": "string"
      }
    ]
  },
  {
    "id": "video",
    "fields": [
      {
        "component": "aem-content",
        "valueType": "string",
        "name": "uri",
        "label": "Video"
      },
      {
        "component": "multiselect",
        "name": "classes",
        "value": "",
        "label": "Options",
        "valueType": "string",
        "options": [
          {
            "name": "Auto Play",
            "children": [
              {
                "name": "AutoPlay",
                "value": "autoplay"
              }
            ]
          }
        ]
      },
      {
        "component": "reference",
        "valueType": "string",
        "name": "placeholder_image",
        "label": "Placeholder Image",
        "multi": true
      },
      {
        "component": "text",
        "valueType": "string",
        "name": "placeholder_imageAlt",
        "value": "",
        "label": "Placeholder Image Alt Text"
      }
    ]
  },
  {
    "id": "icon-block-item",
    "fields": [
      {
        "component": "richtext",
        "name": "icon",
        "label": "Icon",
        "valueType": "string"
      },
      {
        "component": "richtext",
        "name": "description",
        "label": "Description",
        "valueType": "string"
      }
    ]
  },
  {
    "id": "content-fragment-offer",
    "fields": [
      {
        "component": "aem-content-fragment",
        "name": "path",
        "value": "",
        "label": "Content Fragment path",
        "valueType": "string"
      },
      {
        "component": "select",
        "name": "variation",
        "value": "",
        "label": "Variation",
        "valueType": "string",
        "options": [
          { "name": "Default", "value": "master" },
          { "name": "Variation 1", "value": "Variation 1" }
        ]
      }
    ]
  },
  {
    "id": "columnsjo",
    "fields": [
      {
        "component": "select",
        "name": "classes",
        "valueType": "string",
        "label": "Style",
        "value": "",
        "options": [
          {
            "name": "Grid",
            "value": "grid"
          },
          {
            "name": "Grid with Icons",
            "value": "grid-placeholder-icons"
          },
          {
            "name": "Promo",
            "value": "promo"
          }
        ]
      }
    ]
  },
  {
    "id": "columnsjo-text",
    "fields": [
      {
        "component": "text",
        "name": "classes",
        "valueType": "string",
        "hidden": true
      },
      {
        "component": "text",
        "name": "grid_title",
        "label": "Title",
        "valueType": "string",
        "multi": false
      },
      {
        "component": "text",
        "name": "grid_description",
        "label": "Description",
        "valueType": "string",
        "multi": false
      }
    ]
  },
  {
    "id": "columnsjo-icon",
    "fields": [
      {
        "component": "text",
        "name": "classes",
        "valueType": "string",
        "hidden": true
      },
      {
        "component": "select",
        "name": "gridIcon_icon",
        "value": "",
        "label": "Icon",
        "valueType": "string",
        "options": [
          {
            "name": "Home",
            "value": ":delivery-home:"
          },
          {
            "name": "Truck",
            "value": ":delivery-truck:"
          }
        ]
      },
      {
        "component": "text",
        "name": "gridIcon_description",
        "label": "Description",
        "valueType": "string",
        "multi": false
      }
    ]
  },
  {
    "id": "columnsjo-promo",
    "fields": [
      {
        "component": "text",
        "name": "classes",
        "valueType": "string",
        "hidden": true
      },
      {
        "component": "reference",
        "valueType": "string",
        "name": "gridPromo_image",
        "label": "Image"
      },
      {
        "component": "text",
        "name": "gridPromo_description",
        "label": "Description",
        "valueType": "string"
      }
    ]
  },
  {
    "id": "columns",
    "fields": [
      {
        "component": "text",
        "valueType": "number",
        "name": "columns",
        "value": "",
        "label": "Columns"
      },
      {
        "component": "text",
        "valueType": "number",
        "name": "rows",
        "value": "",
        "label": "Rows"
      }
    ]
  }
]