{
  "groups": [
    {
      "title": "Default Content",
      "id": "default",
      "components": [
        {
          "title": "Text",
          "id": "text",
          "plugins": {
            "xwalk": {
              "page": {
                "resourceType": "core/franklin/components/text/v1/text",
                "template": {}
              }
            }
          }
        },
        {
          "title": "Title",
          "id": "title",
          "plugins": {
            "xwalk": {
              "page": {
                "resourceType": "core/franklin/components/title/v1/title",
                "template": {}
              }
            }
          }
        },
        {
          "title": "Image",
          "id": "image",
          "plugins": {
            "xwalk": {
              "page": {
                "resourceType": "core/franklin/components/image/v1/image",
                "template": {}
              }
            }
          }
        },
        {
          "title": "Button",
          "id": "button",
          "plugins": {
            "xwalk": {
              "page": {
                "resourceType": "core/franklin/components/button/v1/button",
                "template": {}
              }
            }
          }
        }
      ]
    },
    {
      "title": "Sections",
      "id": "sections",
      "components": [
        {
          "title": "Section",
          "id": "section",
          "plugins": {
            "xwalk": {
              "page": {
                "resourceType": "core/franklin/components/section/v1/section",
                "template": {}
              }
            }
          }
        },
        {
          "title": "Section",
          "id": "section-marketing",
          "plugins": {
            "xwalk": {
              "page": {
                "resourceType": "core/franklin/components/section/v1/section",
                "template": {
                  "filter": "section-marketing",
                  "model":"section-marketing"
                }
              }
            }
          }
        }
      ]
    },
    {
      "title": "Blocks",
      "id": "blocks",
      "components": [
        {
          "title": "Hero",
          "id": "hero",
          "plugins": {
            "xwalk": {
              "page": {
                "resourceType": "core/franklin/components/block/v1/block",
                "template": {
                  "name": "Hero",
                  "model": "hero",
                  "heading": "New Hero",
                  "headingType": "h1"
                }
              }
            }
          }
        },
        {
          "title": "Teaser",
          "id": "teaser",
          "plugins": {
            "xwalk": {
              "page": {
                "resourceType": "core/franklin/components/block/v1/block",
                "template": {
                  "name": "Teaser",
                  "model": "teaser"
                }
              }
            }
          }
        },
        {
          "title": "Columns",
          "id": "columns",
          "plugins": {
            "xwalk": {
              "page": {
                "resourceType": "core/franklin/components/columns/v1/columns",
                "template": {
                  "columns": "2",
                  "rows": "1",
                  "filter": "columns"
                }
              }
            }
          }
        },
        {
          "title": "Social Media",
          "id": "social-media",
          "plugins": {
            "xwalk": {
              "page": {
                "resourceType": "core/franklin/components/block/v1/block",
                "template": {
                  "name": "Social Media",
                  "model": "social-media",
                  "instagram_icon": ":instagram:",
                  "facebook_icon": ":facebook:",
                  "twitter_icon": ":twitter:"
                }
              }
            }
          }
        },
        {
          "title": "Text",
          "id": "columns-text",
          "plugins": {
            "xwalk": {
              "page": {
                "resourceType": "core/franklin/components/block/v1/block/item",
                "template": {
                  "model": "columns-text",
                  "name": "Text",
                  "grid_title": "Placeholder Title",
                  "grid_description": "Placeholder Description",
                  "classes": "grid-layout"
                }
              }
            }
          }
        },
        {
          "title": "Icon",
          "id": "columns-icon",
          "plugins": {
            "xwalk": {
              "page": {
                "resourceType": "core/franklin/components/block/v1/block/item",
                "template": {
                  "model": "columns-icon",
                  "name": "Icon",
                  "gridIcon_icon": ":delivery-home:",
                  "gridIcon_description": "Placeholder Description",
                  "classes": "icon-layout"
                }
              }
            }
          }
        },
        {
          "title": "Promo",
          "id": "columns-promo",
          "plugins": {
            "xwalk": {
              "page": {
                "resourceType": "core/franklin/components/block/v1/block/item",
                "template": {
                  "model": "columns-promo",
                  "name": "Promo",
                  "gridPromo_image": "/content/dam/citisignal/product-enrichment-1.png",
                  "gridPromo_description": "Placeholder Description",
                  "classes": "promo-layout"
                }
              }
            }
          }
        },
        {
          "title": "Cards",
          "id": "cards",
          "plugins": {
            "xwalk": {
              "page": {
                "resourceType": "core/franklin/components/block/v1/block",
                "template": {
                  "name": "Cards",
                  "filter": "cards"
                }
              }
            }
          }
        },
        {
          "title": "Card",
          "id": "card",
          "plugins": {
            "xwalk": {
              "page": {
                "resourceType": "core/franklin/components/block/v1/block/item",
                "template": {
                  "name": "Card",
                  "model": "card"
                }
              }
            }
          }
        },
        {
          "title": "Accordion",
          "id": "accordion",
          "plugins": {
            "xwalk": {
              "page": {
                "resourceType": "core/franklin/components/block/v1/block",
                "template": {
                  "name": "Accordion",
                  "filter": "accordion"
                }
              }
            }
          }
        },
        {
          "title": "Accordion Item",
          "id": "accordion-item",
          "plugins": {
            "xwalk": {
              "page": {
                "resourceType": "core/franklin/components/block/v1/block/item",
                "template": {
                  "name": "Accordion Item",
                  "model": "accordion-item"
                }
              }
            }
          }
        },
        {
          "title": "Carousel",
          "id": "carousel",
          "plugins": {
            "xwalk": {
              "page": {
                "resourceType": "core/franklin/components/block/v1/block",
                "template": {
                  "name": "Carousel",
                  "model": "carousel",
                  "filter": "carousel"
                }
              }
            }
          }
        },
        {
          "title": "Carousel Slide",
          "id": "carousel-item",
          "plugins": {
            "xwalk": {
              "page": {
                "resourceType": "core/franklin/components/block/v1/block/item",
                "template": {
                  "name": "Carousel Slide",
                  "model": "carousel-item"
                }
              }
            }
          }
        },
        {
          "title": "Embed",
          "id": "embed",
          "plugins": {
            "xwalk": {
              "page": {
                "resourceType": "core/franklin/components/block/v1/block",
                "template": {
                  "name": "Embed",
                  "model": "embed"
                }
              }
            }
          }
        },
        {
          "title": "Fragment",
          "id": "fragment",
          "plugins": {
            "xwalk": {
              "page": {
                "resourceType": "core/franklin/components/block/v1/block",
                "template": {
                  "name": "Fragment",
                  "model": "fragment"
                }
              }
            }
          }
        },
        {
          "title": "Quote",
          "id": "quote",
          "plugins": {
            "xwalk": {
              "page": {
                "resourceType": "core/franklin/components/block/v1/block",
                "template": {
                  "name": "Quote",
                  "model": "quote"
                }
              }
            }
          }
        },
        {
          "title": "Table",
          "id": "table",
          "plugins": {
            "xwalk": {
              "page": {
                "resourceType": "core/franklin/components/block/v1/block",
                "template": {
                  "name": "Table",
                  "model": "table",
                  "filter": "table",
                  "columns": 2
                }
              }
            }
          }
        },
        {
          "title": "Row",
          "id": "table-col-1",
          "plugins": {
            "xwalk": {
              "page": {
                "resourceType": "core/franklin/components/block/v1/block/item",
                "template": {
                  "name": "Row",
                  "model": "table-row",
                  "column1text": "Column1"
                }
              }
            }
          }
        },
        {
          "title": "Row",
          "id": "table-col-2",
          "plugins": {
            "xwalk": {
              "page": {
                "resourceType": "core/franklin/components/block/v1/block/item",
                "template": {
                  "name": "Row",
                  "model": "table-col-2",
                  "column1text": "Column1",
                  "column2text": "Column2"
                }
              }
            }
          }
        },
        {
          "title": "Row",
          "id": "table-col-3",
          "plugins": {
            "xwalk": {
              "page": {
                "resourceType": "core/franklin/components/block/v1/block/item",
                "template": {
                  "name": "Row",
                  "model": "table-col-3",
                  "column1text": "Column1",
                  "column2text": "Column2",
                  "column3text": "Column3"
                }
              }
            }
          }
        },
        {
          "title": "Row",
          "id": "table-col-4",
          "plugins": {
            "xwalk": {
              "page": {
                "resourceType": "core/franklin/components/block/v1/block/item",
                "template": {
                  "name": "Row",
                  "model": "table-col-4",
                  "column1text": "Column1",
                  "column2text": "Column2",
                  "column3text": "Column3",
                  "column4text": "Column4"
                }
              }
            }
          }
        },
        {
          "title": "Row",
          "id": "table-col-5",
          "plugins": {
            "xwalk": {
              "page": {
                "resourceType": "core/franklin/components/block/v1/block/item",
                "template": {
                  "name": "Row",
                  "model": "table-col-5",
                  "column1text": "Column1",
                  "column2text": "Column2",
                  "column3text": "Column3",
                  "column4text": "Column4",
                  "column5text": "Column5"
                }
              }
            }
          }
        },
        {
          "title": "Tabs",
          "id": "tabs",
          "plugins": {
            "xwalk": {
              "page": {
                "resourceType": "core/franklin/components/block/v1/block",
                "template": {
                  "name": "Tabs",
                  "filter": "tabs"
                }
              }
            }
          }
        },
        {
          "title": "Tabs Item",
          "id": "tabs-item",
          "plugins": {
            "xwalk": {
              "page": {
                "resourceType": "core/franklin/components/block/v1/block/item",
                "template": {
                  "name": "Tab",
                  "model": "tabs-item",
                  "tabName": "Tab Name",
                  "content": "<p>Lorem Ipsum</p>"
                }
              }
            }
          }
        },
        {
          "title": "Video",
          "id": "video",
          "plugins": {
            "xwalk": {
              "page": {
                "resourceType": "core/franklin/components/block/v1/block",
                "template": {
                  "name": "Video",
                  "model": "video",
                  "filter": "video"
                }
              }
            }
          }
        },
        {
          "title": "Icon Block",
          "id": "icon-block",
          "plugins": {
            "xwalk": {
              "page": {
                "resourceType": "core/franklin/components/block/v1/block",
                "template": {
                  "name": "Icon Block",
                  "model": "icon-block",
                  "filter": "icon-block"
                }
              }
            }
          }
        },
        {
          "title": "ColumnsJO",
          "id": "columnsjo",
          "plugins": {
            "xwalk": {
              "page": {
                "resourceType": "core/franklin/components/block/v1/block",
                "template": {
                  "name": "ColumnsJO",
                  "model": "columnsjo",
                  "filter": "columnsjo"
                }
              }
            }
          }
        },
        {
          "title": "Text",
          "id": "columnsjo-text",
          "plugins": {
            "xwalk": {
              "page": {
                "resourceType": "core/franklin/components/block/v1/block/item",
                "template": {
                  "model": "columnsjo-text",
                  "name": "Text",
                  "grid_title": "Placeholder Title",
                  "grid_description": "Placeholder Description",
                  "classes": "grid-layout"
                }
              }
            }
          }
        },
        {
          "title": "Icon",
          "id": "columnsjo-icon",
          "plugins": {
            "xwalk": {
              "page": {
                "resourceType": "core/franklin/components/block/v1/block/item",
                "template": {
                  "model": "columnsjo-icon",
                  "name": "Icon",
                  "gridIcon_icon": ":delivery-home:",
                  "gridIcon_description": "Placeholder Description",
                  "classes": "icon-layout"
                }
              }
            }
          }
        },
        {
          "title": "Promo",
          "id": "columnsjo-promo",
          "plugins": {
            "xwalk": {
              "page": {
                "resourceType": "core/franklin/components/block/v1/block/item",
                "template": {
                  "model": "columnsjo-promo",
                  "name": "Promo",
                  "gridPromo_image": "/content/dam/citisignal/product-enrichment-1.png",
                  "gridPromo_description": "Placeholder Description",
                  "classes": "promo-layout"
                }
              }
            }
          }
        },
        {
          "title": "Icon Card",
          "id": "icon-block-item",
          "plugins": {
            "xwalk": {
              "page": {
                "resourceType": "core/franklin/components/block/v1/block/item",
                "template": {
                  "name": "Icon Card",
                  "model": "icon-block-item"
                }
              }
            }
          }
        },
        {
          "title": "Content Fragment",
          "id": "content-fragment-offer",
          "plugins": {
            "xwalk": {
              "page": {
                "resourceType": "core/franklin/components/block/v1/block",
                "template": {
                  "name": "Content Fragment",
                  "model": "content-fragment-offer"
                }
              }
            }
          }
        }
      ]
    },
    {
      "title": "Commerce",
      "id": "commerce",
      "components": [
        {
          "title": "Product List Page",
          "id": "product-list-page",
          "plugins": {
            "xwalk": {
              "page": {
                "resourceType": "core/franklin/components/block/v1/block",
                "template": {
                  "name": "Product List Page",
                  "model": "product-list-page",
                  "key-value": true,
                  "category": "10"
                }
              }
            }
          }
        },
        {
          "title": "Enrichment",
          "id": "enrichment",
          "plugins": {
            "xwalk": {
              "page": {
                "resourceType": "core/franklin/components/block/v1/block",
                "template": {
                  "name": "Enrichment",
                  "model": "enrichment",
                  "key-value": true,
                  "type": "Enter the type here"
                }
              }
            }
          }
        },
        {
          "title": "Product Details",
          "id": "product-details",
          "plugins": {
            "xwalk": {
              "page": {
                "resourceType": "core/franklin/components/block/v1/block",
                "template": {
                  "name": "Product Details",
                  "model": "product-details",
                  "key-value": true,
                  "date": "08/07/2024",
                  "add-to-cart-btn-text": "Add To Cart",
                  "add-to-wishlist-btn-text": "Add To List",
                  "share-btn-text": "Share",
                  "carousel-layout": "column",
                  "default-product": "samsung-galaxy-S22-ultra"
                }
              }
            }
          }
        },
        {
          "title": "Recommended Products",
          "id": "recommended-products",
          "plugins": {
            "xwalk": {
              "page": {
                "resourceType": "core/franklin/components/block/v1/block",
                "template": {
                  "name": "Recommended Products",
                  "model": "recommended-products",
                  "key-value": true,
                  "link": "Enter the service path here"
                }
              }
            }
          }
        },
        {
          "title": "Commerce Cart",
          "id": "commerce-cart",
          "plugins": {
            "xwalk": {
              "page": {
                "resourceType": "core/franklin/components/block/v1/block",
                "template": {
                  "name": "Commerce Cart",
                  "model": "commerce-cart"
                }
              }
            }
          }
        },
        {
          "title": "Commerce Checkout",
          "id": "commerce-checkout",
          "plugins": {
            "xwalk": {
              "page": {
                "resourceType": "core/franklin/components/block/v1/block",
                "template": {
                  "name": "Commerce Checkout",
                  "model": "commerce-checkout"
                }
              }
            }
          }
        },
        {
          "title": "Commerce Order Confirmation",
          "id": "commerce-order-confirmation",
          "plugins": {
            "xwalk": {
              "page": {
                "resourceType": "core/franklin/components/block/v1/block",
                "template": {
                  "name": "Commerce Order Confirmation",
                  "model": "commerce-order-confirmation"
                }
              }
            }
          }
        }
      ]
    },
    {
      "title": "Header/Footer",
      "id": "header_footer",
      "components": [
        {
          "title": "Social Media",
          "id": "social-media",
          "plugins": {
            "xwalk": {
              "page": {
                "resourceType": "core/franklin/components/block/v1/block",
                "template": {
                  "name": "Social Media",
                  "model": "social-media",
                  "instagram_icon": ":instagram:",
                  "facebook_icon": ":facebook:",
                  "twitter_icon": ":twitter:"
                }
              }
            }
          }
        }
      ]
    }
  ]
}
