[
  {
    "id": "main",
    "components": ["section"]
  },
  {
    "id": "main-marketing",
    "components": ["section-marketing"]
  },
  {
    "id": "section-marketing",
    "components": [
      "text",
      "image",
      "button",
      "title",
      "hero",
      "teaser",
      "columns",
      "accordion",
      "carousel",
      "cards",
      "embed",
      "fragment",
      "quote",
      "table",
      "tabs",
      "video",
      "icon-block",
      "content-fragment-offer"
    ]
  },
  {
    "id": "section",
    "components": [
      "text",
      "image",
      "button",
      "title",
      "hero",
      "teaser",
      "columns",
      "accordion",
      "cards",
      "carousel",
      "embed",
      "fragment",
      "quote",
      "table",
      "tabs",
      "video",
      "icon-block",
      "content-fragment-offer",
      "social-media",
      "product-list-page",
      "enrichment",
      "product-details",
      "product-details-plan",
      "recommended-products",
      "commerce-cart",
      "commerce-checkout",
      "commerce-order-confirmation",
      "columnsjo"
    ]
  },
  {
    "id": "columns",
    "components": ["column"]
  },
  {
    "id": "columnsjo",
    "components": ["columnsjo-text", "columnsjo-icon", "columnsjo-promo"]
  },
  {
    "id": "column",
    "components": ["text", "image", "button", "title"]
  },
  {
    "id": "accordion",
    "components": ["accordion-item"]
  },
  {
    "id": "cards",
    "components": ["card"]
  },
  {
    "id": "carousel",
    "components": ["carousel-item"]
  },
  {
    "id": "table",
    "components": ["table-row"]
  },
  {
    "id": "table-1-columns",
    "components": ["table-col-1"]
  },
  {
    "id": "table-2-columns",
    "components": ["table-col-2"]
  },
  {
    "id": "table-3-columns",
    "components": ["table-col-3"]
  },
  {
    "id": "table-4-columns",
    "components": ["table-col-4"]
  },
  {
    "id": "table-5-columns",
    "components": ["table-col-5"]
  },
  {
    "id": "tabs",
    "components": ["tabs-item"]
  },
  {
    "id": "icon-block",
    "components": ["icon-block-item"]
  }
]
